,_id,ID
0,5f68e17568e11efdf9aef987,VK_107766587
1,5f68e17568e11efdf9aef988,VK_114217055
2,5f68e17568e11efdf9aef989,VK_11475787
3,5f68e17568e11efdf9aef98a,VK_115167994
4,5f68e17568e11efdf9aef98b,VK_115255023
5,5f68e17568e11efdf9aef98c,VK_115856486
6,5f68e17568e11efdf9aef98d,VK_11845346
7,5f68e17568e11efdf9aef98e,VK_119083272
8,5f68e17568e11efdf9aef98f,VK_122669009
9,5f68e17568e11efdf9aef990,VK_127733082
10,5f68e17568e11efdf9aef991,VK_128599973
11,5f68e17568e11efdf9aef992,VK_136790035
12,5f68e17568e11efdf9aef993,VK_138688402
13,5f68e17568e11efdf9aef994,VK_141189196
14,5f68e17568e11efdf9aef995,VK_143283008
15,5f68e17568e11efdf9aef996,VK_143788767
16,5f68e17568e11efdf9aef997,VK_144443224
17,5f68e17568e11efdf9aef998,VK_145946894
18,5f68e17568e11efdf9aef999,VK_153935103
19,5f68e17568e11efdf9aef99a,VK_156231930
20,5f68e17568e11efdf9aef99b,VK_156573359
21,5f68e17568e11efdf9aef99c,VK_158481172
22,5f68e17568e11efdf9aef99d,VK_161826027
23,5f68e17568e11efdf9aef99e,VK_161952144
24,5f68e17568e11efdf9aef99f,VK_161963689
25,5f68e17568e11efdf9aef9a0,VK_16281323
26,5f68e17568e11efdf9aef9a1,VK_166777098
27,5f68e17568e11efdf9aef9a2,VK_166826422
28,5f68e17568e11efdf9aef9a3,VK_175793037
29,5f68e17568e11efdf9aef9a4,VK_177306743
30,5f68e17568e11efdf9aef9a5,VK_17821913
31,5f68e17568e11efdf9aef9a6,VK_178836851
32,5f68e17568e11efdf9aef9a7,VK_178899483
33,5f68e17568e11efdf9aef9a8,VK_180134113
34,5f68e17568e11efdf9aef9a9,VK_180480886
35,5f68e17568e11efdf9aef9aa,VK_182179260
36,5f68e17568e11efdf9aef9ab,VK_182183436
37,5f68e17568e11efdf9aef9ac,VK_184296555
38,5f68e17568e11efdf9aef9ad,VK_188840635
39,5f68e17568e11efdf9aef9ae,VK_189390100
40,5f68e17568e11efdf9aef9af,VK_192257662
41,5f68e17568e11efdf9aef9b0,VK_194087284
42,5f68e17568e11efdf9aef9b1,VK_194214417
43,5f68e17568e11efdf9aef9b2,VK_194558829
44,5f68e17568e11efdf9aef9b3,VK_194974228
45,5f68e17568e11efdf9aef9b4,VK_198210379
46,5f68e17568e11efdf9aef9b5,VK_199421307
47,5f68e17568e11efdf9aef9b6,VK_199584581
48,5f68e17568e11efdf9aef9b7,VK_200143777
49,5f68e17568e11efdf9aef9b8,VK_203346130
50,5f68e17568e11efdf9aef9b9,VK_205788229
51,5f68e17568e11efdf9aef9ba,VK_206123472
52,5f68e17568e11efdf9aef9bb,VK_208723035
53,5f68e17568e11efdf9aef9bc,VK_209627742
54,5f68e17568e11efdf9aef9bd,VK_209877054
55,5f68e17568e11efdf9aef9be,VK_210571887
56,5f68e17568e11efdf9aef9bf,VK_213186442
57,5f68e17568e11efdf9aef9c0,VK_214357290
58,5f68e17568e11efdf9aef9c1,VK_215586380
59,5f68e17568e11efdf9aef9c2,VK_216018041
60,5f68e17568e11efdf9aef9c3,VK_216722778
61,5f68e17568e11efdf9aef9c4,VK_218369085
62,5f68e17568e11efdf9aef9c5,VK_22165145
63,5f68e17568e11efdf9aef9c6,VK_223835586
64,5f68e17568e11efdf9aef9c7,VK_223899606
65,5f68e17568e11efdf9aef9c8,VK_226634561
66,5f68e17568e11efdf9aef9c9,VK_227763426
67,5f68e17568e11efdf9aef9ca,VK_229830587
68,5f68e17568e11efdf9aef9cb,VK_230526289
69,5f68e17568e11efdf9aef9cc,VK_231096707
70,5f68e17568e11efdf9aef9cd,VK_237168155
71,5f68e17568e11efdf9aef9ce,VK_240783560
72,5f68e17568e11efdf9aef9cf,VK_242501008
73,5f68e17568e11efdf9aef9d0,VK_243965169
74,5f68e17568e11efdf9aef9d1,VK_244255357
75,5f68e17568e11efdf9aef9d2,VK_244504045
76,5f68e17568e11efdf9aef9d3,VK_244958756
77,5f68e17568e11efdf9aef9d4,VK_24636929
78,5f68e17568e11efdf9aef9d5,VK_247840401
79,5f68e17568e11efdf9aef9d6,VK_251208460
80,5f68e17568e11efdf9aef9d7,VK_251502747
81,5f68e17568e11efdf9aef9d8,VK_251570870
82,5f68e17568e11efdf9aef9d9,VK_254575406
83,5f68e17568e11efdf9aef9da,VK_255587301
84,5f68e17568e11efdf9aef9db,VK_256302487
85,5f68e17568e11efdf9aef9dc,VK_261176938
86,5f68e17568e11efdf9aef9dd,VK_262696149
87,5f68e17568e11efdf9aef9de,VK_268454667
88,5f68e17568e11efdf9aef9df,VK_271186826
89,5f68e17568e11efdf9aef9e0,VK_274838407
90,5f68e17568e11efdf9aef9e1,VK_276345385
91,5f68e17568e11efdf9aef9e2,VK_276699902
92,5f68e17568e11efdf9aef9e3,VK_27850147
93,5f68e17568e11efdf9aef9e4,VK_280216409
94,5f68e17568e11efdf9aef9e5,VK_280911535
95,5f68e17568e11efdf9aef9e7,VK_282745117
96,5f68e17568e11efdf9aef9e8,VK_283397565
97,5f68e17568e11efdf9aef9e9,VK_285853287
98,5f68e17568e11efdf9aef9ea,VK_287273992
99,5f68e17568e11efdf9aef9eb,VK_291844077
100,5f68e17f68e11efdf9aefb53,VK_294566947
101,5f68e17f68e11efdf9aefb54,VK_297887783
102,5f68e17f68e11efdf9aefb55,VK_300290525
103,5f68e17f68e11efdf9aefb56,VK_302698167
104,5f68e17f68e11efdf9aefb57,VK_303494281
105,5f68e17f68e11efdf9aefb58,VK_303896980
106,5f68e17f68e11efdf9aefb59,VK_304863052
107,5f68e17f68e11efdf9aefb5a,VK_306877014
108,5f68e17f68e11efdf9aefb5b,VK_310745951
109,5f68e17f68e11efdf9aefb5c,VK_313036744
110,5f68e17f68e11efdf9aefb5d,VK_314812941
111,5f68e17f68e11efdf9aefb5e,VK_318425998
112,5f68e17f68e11efdf9aefb5f,VK_318682192
113,5f68e17f68e11efdf9aefb60,VK_321069591
114,5f68e17f68e11efdf9aefb61,VK_321082450
115,5f68e17f68e11efdf9aefb62,VK_323909189
116,5f68e17f68e11efdf9aefb63,VK_325225801
117,5f68e17f68e11efdf9aefb64,VK_326526007
118,5f68e17f68e11efdf9aefb65,VK_328597037
119,5f68e17f68e11efdf9aefb66,VK_328946719
120,5f68e17f68e11efdf9aefb67,VK_331462610
121,5f68e17f68e11efdf9aefb68,VK_334941496
122,5f68e17f68e11efdf9aefb69,VK_335252849
123,5f68e17f68e11efdf9aefb6a,VK_335436358
124,5f68e17f68e11efdf9aefb6b,VK_338493072
125,5f68e17f68e11efdf9aefb6c,VK_340711313
126,5f68e17f68e11efdf9aefb6d,VK_341022455
127,5f68e17f68e11efdf9aefb6e,VK_342032787
128,5f68e17f68e11efdf9aefb6f,VK_342166137
129,5f68e17f68e11efdf9aefb70,VK_342660842
130,5f68e17f68e11efdf9aefb71,VK_343181166
131,5f68e17f68e11efdf9aefb72,VK_345187296
132,5f68e17f68e11efdf9aefb73,VK_349296440
133,5f68e17f68e11efdf9aefb74,VK_351163760
134,5f68e17f68e11efdf9aefb75,VK_353331611
135,5f68e17f68e11efdf9aefb76,VK_353697747
136,5f68e17f68e11efdf9aefb77,VK_354983498
137,5f68e17f68e11efdf9aefb78,VK_356448073
138,5f68e17f68e11efdf9aefb79,VK_357698235
139,5f68e17f68e11efdf9aefb7a,VK_357842421
140,5f68e17f68e11efdf9aefb7b,VK_357958169
141,5f68e17f68e11efdf9aefb7c,VK_359763590
142,5f68e17f68e11efdf9aefb7d,VK_359772772
143,5f68e17f68e11efdf9aefb7e,VK_360445603
144,5f68e17f68e11efdf9aefb7f,VK_360833396
145,5f68e17f68e11efdf9aefb80,VK_360894375
146,5f68e17f68e11efdf9aefb81,VK_361217318
147,5f68e17f68e11efdf9aefb82,VK_362528583
148,5f68e17f68e11efdf9aefb83,VK_362822234
149,5f68e17f68e11efdf9aefb84,VK_368502919
150,5f68e17f68e11efdf9aefb85,VK_370347770
151,5f68e17f68e11efdf9aefb86,VK_372363929
152,5f68e17f68e11efdf9aefb87,VK_37407873
153,5f68e17f68e11efdf9aefb88,VK_374506788
154,5f68e17f68e11efdf9aefb89,VK_376567995
155,5f68e17f68e11efdf9aefb8a,VK_377157626
156,5f68e17f68e11efdf9aefb8b,VK_379068102
157,5f68e17f68e11efdf9aefb8c,VK_380775551
158,5f68e17f68e11efdf9aefb8d,VK_396369819
159,5f68e17f68e11efdf9aefb8e,VK_398309999
160,5f68e17f68e11efdf9aefb8f,VK_399908055
161,5f68e17f68e11efdf9aefb90,VK_401831385
162,5f68e17f68e11efdf9aefb91,VK_402065048
163,5f68e17f68e11efdf9aefb92,VK_40247853
164,5f68e17f68e11efdf9aefb93,VK_405071433
165,5f68e17f68e11efdf9aefb94,VK_405275024
166,5f68e17f68e11efdf9aefb95,VK_405677972
167,5f68e17f68e11efdf9aefb96,VK_406819851
168,5f68e17f68e11efdf9aefb97,VK_413077669
169,5f68e17f68e11efdf9aefb98,VK_41460841
170,5f68e17f68e11efdf9aefb99,VK_415069336
171,5f68e17f68e11efdf9aefb9a,VK_415805217
172,5f68e17f68e11efdf9aefb9b,VK_419922588
173,5f68e17f68e11efdf9aefb9c,VK_422134959
174,5f68e17f68e11efdf9aefb9d,VK_422239027
175,5f68e17f68e11efdf9aefb9e,VK_422945389
176,5f68e17f68e11efdf9aefb9f,VK_424041208
177,5f68e17f68e11efdf9aefba0,VK_424496857
178,5f68e17f68e11efdf9aefba1,VK_424588849
179,5f68e17f68e11efdf9aefba2,VK_424883575
180,5f68e17f68e11efdf9aefba3,VK_426634914
181,5f68e17f68e11efdf9aefba4,VK_428929073
182,5f68e17f68e11efdf9aefba5,VK_433125064
183,5f68e17f68e11efdf9aefba6,VK_433834339
184,5f68e17f68e11efdf9aefba7,VK_434459343
185,5f68e17f68e11efdf9aefba8,VK_436301291
186,5f68e17f68e11efdf9aefba9,VK_436365362
187,5f68e17f68e11efdf9aefbaa,VK_437402176
188,5f68e17f68e11efdf9aefbab,VK_437891400
189,5f68e17f68e11efdf9aefbac,VK_440194781
190,5f68e17f68e11efdf9aefbad,VK_440365448
191,5f68e17f68e11efdf9aefbae,VK_440407116
192,5f68e17f68e11efdf9aefbaf,VK_441354437
193,5f68e17f68e11efdf9aefbb0,VK_441888965
194,5f68e17f68e11efdf9aefbb1,VK_447827207
195,5f68e17f68e11efdf9aefbb2,VK_448072212
196,5f68e17f68e11efdf9aefbb3,VK_451865153
197,5f68e17f68e11efdf9aefbb4,VK_452148213
198,5f68e17f68e11efdf9aefbb5,VK_452552013
199,5f68e17f68e11efdf9aefbb6,VK_453762547
200,5f68e18768e11efdf9aefc45,VK_454292709
201,5f68e18768e11efdf9aefc46,VK_454914385
202,5f68e18768e11efdf9aefc47,VK_457020438
203,5f68e18768e11efdf9aefc48,VK_457134102
204,5f68e18768e11efdf9aefc49,VK_457520600
205,5f68e18768e11efdf9aefc4a,VK_457796250
206,5f68e18768e11efdf9aefc4b,VK_458505356
207,5f68e18768e11efdf9aefc4c,VK_458871946
208,5f68e18768e11efdf9aefc4d,VK_458956904
209,5f68e18768e11efdf9aefc4e,VK_461558382
210,5f68e18768e11efdf9aefc4f,VK_467483901
211,5f68e18768e11efdf9aefc50,VK_467989748
212,5f68e18768e11efdf9aefc51,VK_468649028
213,5f68e18768e11efdf9aefc52,VK_469038343
214,5f68e18768e11efdf9aefc53,VK_470920446
215,5f68e18768e11efdf9aefc54,VK_472232484
216,5f68e18768e11efdf9aefc55,VK_473644801
217,5f68e18768e11efdf9aefc56,VK_475105723
218,5f68e18768e11efdf9aefc57,VK_476777593
219,5f68e18768e11efdf9aefc58,VK_476832072
220,5f68e18768e11efdf9aefc59,VK_479280892
221,5f68e18768e11efdf9aefc5a,VK_481078443
222,5f68e18768e11efdf9aefc5b,VK_482032900
223,5f68e18768e11efdf9aefc5c,VK_484144052
224,5f68e18768e11efdf9aefc5d,VK_484671813
225,5f68e18768e11efdf9aefc5e,VK_485028426
226,5f68e18768e11efdf9aefc5f,VK_485974641
227,5f68e18768e11efdf9aefc60,VK_486488251
228,5f68e18768e11efdf9aefc61,VK_487114542
229,5f68e18768e11efdf9aefc62,VK_488521429
230,5f68e18768e11efdf9aefc63,VK_489202169
231,5f68e18768e11efdf9aefc64,VK_490525688
232,5f68e18768e11efdf9aefc65,VK_491133794
233,5f68e18768e11efdf9aefc66,VK_491911122
234,5f68e18768e11efdf9aefc67,VK_493011772
235,5f68e18768e11efdf9aefc68,VK_493381368
236,5f68e18768e11efdf9aefc69,VK_494652421
237,5f68e18768e11efdf9aefc6a,VK_495994149
238,5f68e18768e11efdf9aefc6b,VK_496106902
239,5f68e18768e11efdf9aefc6c,VK_497526568
240,5f68e18768e11efdf9aefc6d,VK_497890644
241,5f68e18768e11efdf9aefc6e,VK_497938035
242,5f68e18768e11efdf9aefc6f,VK_501157814
243,5f68e18768e11efdf9aefc70,VK_504589480
244,5f68e18768e11efdf9aefc71,VK_50479329
245,5f68e18768e11efdf9aefc72,VK_508385393
246,5f68e18768e11efdf9aefc73,VK_51020018
247,5f68e18768e11efdf9aefc74,VK_512328962
248,5f68e18768e11efdf9aefc75,VK_515679569
249,5f68e18768e11efdf9aefc76,VK_518382719
250,5f68e18768e11efdf9aefc77,VK_519163316
251,5f68e18768e11efdf9aefc78,VK_520083496
252,5f68e18768e11efdf9aefc79,VK_523482975
253,5f68e18768e11efdf9aefc7a,VK_525271904
254,5f68e18768e11efdf9aefc7b,VK_525555449
255,5f68e18768e11efdf9aefc7c,VK_525627715
256,5f68e18768e11efdf9aefc7d,VK_526562280
257,5f68e18768e11efdf9aefc7e,VK_527239047
258,5f68e18768e11efdf9aefc7f,VK_527595546
259,5f68e18768e11efdf9aefc80,VK_528023000
260,5f68e18768e11efdf9aefc81,VK_528864418
261,5f68e18768e11efdf9aefc82,VK_530312473
262,5f68e18768e11efdf9aefc83,VK_532647393
263,5f68e18768e11efdf9aefc84,VK_536315247
264,5f68e18768e11efdf9aefc85,VK_538056414
265,5f68e18768e11efdf9aefc86,VK_538726236
266,5f68e18768e11efdf9aefc87,VK_538840236
267,5f68e18768e11efdf9aefc88,VK_539098842
268,5f68e18768e11efdf9aefc89,VK_542124474
269,5f68e18768e11efdf9aefc8a,VK_544095458
270,5f68e18768e11efdf9aefc8b,VK_544842367
271,5f68e18768e11efdf9aefc8c,VK_545053469
272,5f68e18768e11efdf9aefc8d,VK_545401571
273,5f68e18768e11efdf9aefc8e,VK_547304858
274,5f68e18768e11efdf9aefc8f,VK_547783225
275,5f68e18768e11efdf9aefc90,VK_547856967
276,5f68e18768e11efdf9aefc91,VK_548558477
277,5f68e18768e11efdf9aefc92,VK_55046544
278,5f68e18768e11efdf9aefc93,VK_550582161
279,5f68e18768e11efdf9aefc94,VK_551172901
280,5f68e18768e11efdf9aefc95,VK_551514790
281,5f68e18768e11efdf9aefc96,VK_554203751
282,5f68e18768e11efdf9aefc97,VK_556899960
283,5f68e18768e11efdf9aefc98,VK_557239753
284,5f68e18768e11efdf9aefc99,VK_558300718
285,5f68e18768e11efdf9aefc9a,VK_558765236
286,5f68e18768e11efdf9aefc9b,VK_560845177
287,5f68e18768e11efdf9aefc9c,VK_561111117
288,5f68e18768e11efdf9aefc9d,VK_561380636
289,5f68e18768e11efdf9aefc9e,VK_562187063
290,5f68e18768e11efdf9aefc9f,VK_564303316
291,5f68e18768e11efdf9aefca0,VK_565000551
292,5f68e18768e11efdf9aefca1,VK_565751989
293,5f68e18768e11efdf9aefca2,VK_565802980
294,5f68e18768e11efdf9aefca3,VK_566170934
295,5f68e18768e11efdf9aefca4,VK_567538323
296,5f68e18768e11efdf9aefca5,VK_568170925
297,5f68e18768e11efdf9aefca6,VK_568382452
298,5f68e18768e11efdf9aefca7,VK_569160303
299,5f68e18768e11efdf9aefca8,VK_569561882
300,5f68e18b68e11efdf9aefce2,VK_570937056
301,5f68e18b68e11efdf9aefce3,VK_571370980
302,5f68e18b68e11efdf9aefce4,VK_571371617
303,5f68e18b68e11efdf9aefce5,VK_571696941
304,5f68e18b68e11efdf9aefce6,VK_5916414
305,5f68e18b68e11efdf9aefce7,VK_602202257
306,5f68e18b68e11efdf9aefce8,VK_603520826
307,5f68e18b68e11efdf9aefce9,VK_604548225
308,5f68e18b68e11efdf9aefcea,VK_607045726
309,5f68e18b68e11efdf9aefcec,VK_607073285
310,5f68e18b68e11efdf9aefced,VK_607371920
311,5f68e18b68e11efdf9aefcee,VK_607933871
312,5f68e18b68e11efdf9aefcef,VK_608347151
313,5f68e18b68e11efdf9aefcf0,VK_608355022
314,5f68e18b68e11efdf9aefcf1,VK_609367198
315,5f68e18b68e11efdf9aefcf2,VK_609368098
316,5f68e18b68e11efdf9aefcf3,VK_609822698
317,5f68e18b68e11efdf9aefcf4,VK_610936630
318,5f68e18b68e11efdf9aefcf5,VK_611245781
319,5f68e18b68e11efdf9aefcf6,VK_611249578
320,5f68e18b68e11efdf9aefcf7,VK_611356157
321,5f68e18b68e11efdf9aefcf8,VK_611625909
322,5f68e18b68e11efdf9aefcf9,VK_611738683
323,5f68e18b68e11efdf9aefcfa,VK_611740188
324,5f68e18b68e11efdf9aefcfb,VK_611880903
325,5f68e18b68e11efdf9aefcfc,VK_611882293
326,5f68e18b68e11efdf9aefcfd,VK_612023698
327,5f68e18b68e11efdf9aefcfe,VK_612194105
328,5f68e18b68e11efdf9aefcff,VK_612711255
329,5f68e18b68e11efdf9aefd00,VK_612834679
330,5f68e18b68e11efdf9aefd01,VK_612856596
331,5f68e18b68e11efdf9aefd02,VK_612874687
332,5f68e18b68e11efdf9aefd03,VK_613071495
333,5f68e18b68e11efdf9aefd04,VK_613087968
334,5f68e18b68e11efdf9aefd05,VK_613132669
335,5f68e18b68e11efdf9aefd06,VK_613223167
336,5f68e18b68e11efdf9aefd07,VK_613224882
337,5f68e18b68e11efdf9aefd08,VK_613361526
338,5f68e18b68e11efdf9aefd09,VK_613362514
339,5f68e18b68e11efdf9aefd0a,VK_613376310
340,5f68e18b68e11efdf9aefd0b,VK_613509861
341,5f68e18b68e11efdf9aefd0c,VK_613511186
342,5f68e18b68e11efdf9aefd0d,VK_613718335
343,5f68e18b68e11efdf9aefd0e,VK_614374090
344,5f68e18b68e11efdf9aefd0f,VK_614532992
345,5f68e18b68e11efdf9aefd10,VK_614539987
346,5f68e18b68e11efdf9aefd11,VK_614540839
347,5f68e18b68e11efdf9aefd12,VK_615181179
348,5f68e18b68e11efdf9aefd13,VK_615182601
349,5f68e18b68e11efdf9aefd14,VK_62149608
350,5f68e18b68e11efdf9aefd15,VK_68068607
351,5f68e18b68e11efdf9aefd16,VK_68443422
352,5f68e18b68e11efdf9aefd17,VK_71448261
353,5f68e18b68e11efdf9aefd18,VK_773663
354,5f68e18b68e11efdf9aefd19,VK_78040901
355,5f68e18b68e11efdf9aefd1a,VK_78828450
356,5f68e18b68e11efdf9aefd1b,VK_79448175
357,5f68e18b68e11efdf9aefd1c,VK_9292069
358,5f68e18b68e11efdf9aefd1d,VK_96008372
359,5f69e44168e11efdf9db12e6,VK_495672752
360,5f69e4ef68e11efdf9dbcfb6,VK_542933411
361,5f69e4ef68e11efdf9dbcfb7,VK_542934568
362,5f69e4f468e11efdf9dbd7da,VK_548555785
363,5f69e4f468e11efdf9dbd7fd,VK_548817788
364,5f69e4fa68e11efdf9dbdf93,VK_557491322
365,5f69e4fb68e11efdf9dbe067,VK_552852235
366,5f69e57168e11efdf9dc5916,VK_414874943
367,5f69e5a168e11efdf9dc8c73,VK_490934749
368,5f69e76468e11efdf9de7147,VK_568954117
369,5f6a032cb6d337b882903128,VK_534594714
370,5f6a032cb6d337b882903129,VK_534594807
371,5f6a032cb6d337b88290312a,VK_554144086
372,5f6a032cb6d337b88290312b,VK_438876339
373,5f6a032cb6d337b88290312c,VK_447182370
374,5f6a032cb6d337b88290312d,VK_293606889
375,5f6a032cb6d337b88290312e,VK_304088859
376,5f6a032cb6d337b88290312f,VK_439766062
377,5f6a032cb6d337b882903130,VK_304116447
378,5f6a032cb6d337b882903131,VK_28760263
379,5f6a032cb6d337b882903132,VK_534594768
380,5f6a032cb6d337b882903133,VK_554142682
381,5f6a032cb6d337b882903134,VK_291205743
382,5f6a032cb6d337b882903135,VK_304108268
383,5f6a032cb6d337b882903136,VK_437865739
384,5f6a032cb6d337b882903137,VK_554704126
385,5f6a032cb6d337b882903138,VK_438877313
386,5f6a032cb6d337b882903139,VK_524690930
387,5f6a032cb6d337b88290313a,VK_601261159
388,5f6a032cb6d337b88290313b,VK_554142539
389,5f6a032cb6d337b88290313c,VK_438874949
390,5f6a032cb6d337b88290313d,VK_534597407
391,5f6a032cb6d337b88290313e,VK_469512983
392,5f6a032cb6d337b88290313f,VK_317512130
393,5f6a032cb6d337b882903140,VK_423640341
394,5f6a032cb6d337b882903141,VK_469342038
395,5f6a032cb6d337b882903142,VK_401524722
396,5f6a032cb6d337b882903143,VK_196612058
397,5f6a032cb6d337b882903144,VK_417226572
398,5f6a032cb6d337b882903145,VK_438873881
399,5f6a032cb6d337b882903146,VK_554142765
400,5f6a032cb6d337b882903147,VK_276802353
401,5f6a032cb6d337b882903148,VK_304100345
402,5f6a032cb6d337b882903149,VK_437865000
403,5f6a032cb6d337b88290314a,VK_304102811
404,5f6a032cb6d337b88290314b,VK_439765765
405,5f6a032cb6d337b88290314c,VK_373505514
406,5f6a032cb6d337b88290314d,VK_204848688
407,5f6a032cb6d337b88290314e,VK_151625152
408,5f6a032cb6d337b88290314f,VK_139158399
409,5f6a032cb6d337b882903150,VK_439767341
410,5f6a032cb6d337b882903151,VK_604347780
411,5f6a032cb6d337b882903152,VK_554697362
412,5f6a032cb6d337b882903153,VK_476186911
413,5f6a032cb6d337b882903154,VK_438869732
414,5f6a032cb6d337b882903155,VK_443892247
415,5f6a032cb6d337b882903156,VK_554142615
416,5f6a032cb6d337b882903157,VK_291873033
417,5f6a032cb6d337b882903158,VK_438874303
418,5f6a032cb6d337b882903159,VK_438869690
419,5f6a032cb6d337b88290315a,VK_534596142
420,5f6a032cb6d337b88290315b,VK_365804488
421,5f6a032cb6d337b88290315c,VK_604628793
422,5f6a032cb6d337b88290315d,VK_168955191
423,5f6a032cb6d337b88290315e,VK_554705745
424,5f6a032cb6d337b88290315f,VK_304089739
425,5f6a032cb6d337b882903160,VK_534597483
426,5f6a032cb6d337b882903161,VK_304117046
427,5f6a032cb6d337b882903162,VK_438875451
428,5f6a032cb6d337b882903163,VK_351135463
429,5f6a032cb6d337b882903164,VK_439766841
430,5f6a032cb6d337b882903165,VK_554698253
431,5f6a032cb6d337b882903166,VK_327845861
432,5f6a032cb6d337b882903167,VK_600991743
433,5f6a032cb6d337b882903168,VK_135903903
434,5f6a032cb6d337b882903169,VK_78491691
435,5f6a032cb6d337b88290316a,VK_451327966
436,5f6a032cb6d337b88290316b,VK_178029276
437,5f6a032cb6d337b88290316c,VK_438876345
438,5f6a032cb6d337b88290316d,VK_483651317
439,5f6a032cb6d337b88290316e,VK_321356661
440,5f6a032cb6d337b88290316f,VK_555494426
441,5f6a032db6d337b882903191,VK_554704665
442,5f6a032db6d337b882903192,VK_162104766
443,5f6a032db6d337b882903193,VK_438888229
444,5f6a032db6d337b882903194,VK_156611801
445,5f6a032db6d337b882903195,VK_554143921
446,5f6a032db6d337b882903196,VK_422507009
447,5f6a032db6d337b882903197,VK_412739139
448,5f6a0336b6d337b8829032c3,VK_422428407
449,5f6a0336b6d337b8829032c4,VK_154764015
450,5f6a0336b6d337b8829032c5,VK_554698676
451,5f6a0336b6d337b8829032c6,VK_246821451
452,5f6a0336b6d337b8829032c7,VK_467474192
453,5f6a0336b6d337b8829032c8,VK_404883110
454,5f6a0336b6d337b8829032c9,VK_437860906
455,5f6a0336b6d337b8829032ca,VK_304126629
456,5f6a0336b6d337b8829032cb,VK_438336294
457,5f6a0336b6d337b8829032cc,VK_531784423
458,5f6a0336b6d337b8829032cd,VK_308824434
459,5f6a0336b6d337b8829032ce,VK_304112135
460,5f6a0336b6d337b8829032cf,VK_534595951
461,5f6a0336b6d337b8829032d0,VK_554144406
462,5f6a0336b6d337b8829032d1,VK_531785305
463,5f6a0336b6d337b8829032d2,VK_465923279
464,5f6a0336b6d337b8829032d3,VK_196262172
465,5f6a0336b6d337b8829032d4,VK_316923703
466,5f6a0336b6d337b8829032d5,VK_534594002
467,5f6a0336b6d337b8829032d6,VK_438871844
468,5f6a0336b6d337b8829032d7,VK_555494185
469,5f6a0336b6d337b8829032d8,VK_213931563
470,5f6a0336b6d337b8829032d9,VK_555494004
471,5f6a0336b6d337b8829032da,VK_554143168
472,5f6a0336b6d337b8829032db,VK_554143216
473,5f6a0336b6d337b8829032dc,VK_95232334
474,5f6a0336b6d337b8829032dd,VK_108849747
475,5f6a0336b6d337b8829032de,VK_534594057
476,5f6a0336b6d337b8829032df,VK_438874604
477,5f6a0336b6d337b8829032e0,VK_385529349
478,5f6a0336b6d337b8829032e1,VK_304113201
479,5f6a0336b6d337b8829032e2,VK_524067730
480,5f6a0336b6d337b8829032e3,VK_95757537
481,5f6a0336b6d337b8829032e4,VK_216463947
482,5f6a0336b6d337b8829032e5,VK_219375868
483,5f6a0336b6d337b8829032e6,VK_554142749
484,5f6a0336b6d337b8829032e7,VK_39772628
485,5f6a0336b6d337b8829032e8,VK_534597180
486,5f6a0336b6d337b8829032e9,VK_554142310
487,5f6a0336b6d337b8829032ea,VK_554143810
488,5f6a0336b6d337b8829032eb,VK_442883252
489,5f6a0336b6d337b8829032ec,VK_438878223
490,5f6a0336b6d337b8829032ed,VK_555493977
491,5f6a0336b6d337b8829032ee,VK_276866171
492,5f6a0336b6d337b8829032ef,VK_317504575
493,5f6a0336b6d337b8829032f0,VK_534593934
494,5f6a0336b6d337b8829032f1,VK_364603721
495,5f6a0336b6d337b8829032f2,VK_310872300
496,5f6a0336b6d337b8829032f3,VK_424371345
497,5f6a0336b6d337b8829032f4,VK_437867285
498,5f6a0336b6d337b8829032f5,VK_437865373
499,5f6a0336b6d337b8829032f6,VK_424971119
500,5f6a0336b6d337b8829032f7,VK_554703298
501,5f6a0336b6d337b8829032f8,VK_304092776
502,5f6a0336b6d337b8829032f9,VK_155776414
503,5f6a0336b6d337b8829032fa,VK_304090476
504,5f6a0336b6d337b8829032fb,VK_548641727
505,5f6a0336b6d337b8829032fc,VK_114031137
506,5f6a0336b6d337b8829032fd,VK_158472758
507,5f6a0336b6d337b8829032fe,VK_555494147
508,5f6a0336b6d337b8829032ff,VK_534595055
509,5f6a0336b6d337b882903300,VK_554143825
510,5f6a0336b6d337b882903301,VK_438871870
511,5f6a0336b6d337b882903302,VK_418915243
512,5f6a0336b6d337b882903303,VK_385059850
513,5f6a0336b6d337b882903304,VK_304086778
514,5f6a0336b6d337b882903305,VK_304121217
515,5f6a0336b6d337b882903306,VK_554700560
516,5f6a0336b6d337b882903307,VK_554142893
517,5f6a033db6d337b882903371,VK_568940128
518,5f6a033db6d337b882903372,VK_554695595
519,5f6a033db6d337b882903373,VK_436795249
520,5f6a033db6d337b882903374,VK_554143807
521,5f6a033db6d337b882903375,VK_554694265
522,5f6a033db6d337b882903376,VK_78699439
523,5f6a033db6d337b882903377,VK_554699576
524,5f6a033db6d337b882903378,VK_438869782
525,5f6a033db6d337b882903379,VK_232693657
526,5f6a033db6d337b88290337a,VK_438677619
527,5f6a033db6d337b88290337b,VK_374902956
528,5f6a033db6d337b88290337c,VK_438888129
529,5f6a033db6d337b88290337d,VK_437865762
530,5f6a033db6d337b88290337e,VK_464662481
531,5f6a033db6d337b88290337f,VK_531780213
532,5f6a033db6d337b882903380,VK_534589346
533,5f6a033db6d337b882903381,VK_469492905
534,5f6a033db6d337b882903382,VK_554145561
535,5f6a033db6d337b882903383,VK_605109836
536,5f6a033db6d337b882903384,VK_554702337
537,5f6a033db6d337b882903385,VK_531780095
538,5f6a033db6d337b882903386,VK_379585805
539,5f6a033db6d337b882903387,VK_437865260
540,5f6a033db6d337b882903388,VK_428827435
541,5f6a033db6d337b882903389,VK_439766215
542,5f6a033db6d337b88290338a,VK_348799410
543,5f6a033db6d337b88290338b,VK_304091815
544,5f6a033db6d337b88290338c,VK_138444423
545,5f6a033db6d337b88290338d,VK_253065743
546,5f6a033db6d337b88290338e,VK_438876692
547,5f6a033db6d337b88290338f,VK_532246561
548,5f6a033db6d337b882903390,VK_34814628
549,5f6a033db6d337b882903391,VK_568954268
550,5f6a033db6d337b882903392,VK_605108167
551,5f6a033db6d337b882903393,VK_438869629
552,5f6a033db6d337b882903394,VK_554143779
553,5f6a033db6d337b882903395,VK_266662887
554,5f6a033db6d337b882903396,VK_552557724
555,5f6a033db6d337b882903397,VK_437867073
556,5f6a033db6d337b882903398,VK_355974016
557,5f6a033db6d337b882903399,VK_554696896
558,5f6a033db6d337b88290339a,VK_555493939
559,5f6a033db6d337b88290339b,VK_531777962
560,5f6a033db6d337b88290339c,VK_438874194
561,5f6a033db6d337b88290339d,VK_554701452
562,5f6a033db6d337b88290339e,VK_438870028
563,5f6a033db6d337b88290339f,VK_186925656
564,5f6a033db6d337b8829033a0,VK_395722252
565,5f6a033db6d337b8829033a1,VK_3939476
566,5f6a033db6d337b8829033a2,VK_491174734
567,5f6a033db6d337b8829033a3,VK_534597891
568,5f6a033db6d337b8829033a4,VK_212409268
569,5f6a033db6d337b8829033a5,VK_555494673
570,5f6a033db6d337b8829033a6,VK_516634666
571,5f6a033db6d337b8829033a7,VK_179886243
572,5f6a033db6d337b8829033a8,VK_438875048
573,5f6a033db6d337b8829033a9,VK_554144297
574,5f6a033db6d337b8829033aa,VK_261927167
575,5f6a033db6d337b8829033ab,VK_437866082
576,5f6a033db6d337b8829033ac,VK_554142291
577,5f6a033db6d337b8829033ad,VK_155503341
578,5f6a033db6d337b8829033ae,VK_438870283
579,5f6a033db6d337b8829033af,VK_438875344
580,5f6a033db6d337b8829033b0,VK_367477959
581,5f6a033db6d337b8829033b1,VK_438878584
582,5f6a033db6d337b8829033b2,VK_262295824
583,5f6a0344b6d337b8829034d4,VK_438870577
584,5f6a0344b6d337b8829034d5,VK_554142756
585,5f6a0344b6d337b8829034d6,VK_423301464
586,5f6a0344b6d337b8829034d7,VK_534593954
587,5f6a0344b6d337b8829034d8,VK_304096473
588,5f6a0344b6d337b8829034d9,VK_554143672
589,5f6a0344b6d337b8829034da,VK_264538390
590,5f6a0344b6d337b8829034db,VK_436791453
591,5f6a0344b6d337b8829034dc,VK_438874958
592,5f6a0344b6d337b8829034dd,VK_304109145
593,5f6a0344b6d337b8829034de,VK_207899383
594,5f6a0344b6d337b8829034df,VK_554144395
595,5f6a0344b6d337b8829034e0,VK_140980173
596,5f6a0344b6d337b8829034e1,VK_439767581
597,5f6a0344b6d337b8829034e2,VK_438875901
598,5f6a0344b6d337b8829034e3,VK_495184440
599,5f6a0344b6d337b8829034e4,VK_554702549
600,5f6a0344b6d337b8829034e5,VK_437866145
601,5f6a0344b6d337b8829034e6,VK_439766728
602,5f6a0344b6d337b8829034e7,VK_438888527
603,5f6a0344b6d337b8829034e8,VK_531781445
604,5f6a0344b6d337b8829034e9,VK_534596973
605,5f6a0344b6d337b8829034ea,VK_437865549
606,5f6a0344b6d337b8829034eb,VK_309811968
607,5f6a0344b6d337b8829034ec,VK_308465298
608,5f6a0344b6d337b8829034ed,VK_437865894
609,5f6a0344b6d337b8829034ee,VK_531777729
610,5f6a0344b6d337b8829034ef,VK_423929544
611,5f6a0344b6d337b8829034f0,VK_555493908
612,5f6a0344b6d337b8829034f1,VK_438869614
613,5f6a0344b6d337b8829034f2,VK_304101083
614,5f6a0344b6d337b8829034f3,VK_438878736
615,5f6a0344b6d337b8829034f4,VK_554147958
616,5f6a0344b6d337b8829034f5,VK_531786012
617,5f6a0344b6d337b8829034f6,VK_497070929
618,5f6a0344b6d337b8829034f7,VK_271858637
619,5f6a0344b6d337b8829034f8,VK_530486214
620,5f6a0344b6d337b8829034f9,VK_439229743
621,5f6a0344b6d337b8829034fa,VK_534596858
622,5f6a0344b6d337b8829034fb,VK_401042064
623,5f6a0344b6d337b8829034fc,VK_184296985
624,5f6a0344b6d337b8829034fd,VK_438878443
625,5f6a0344b6d337b8829034fe,VK_544339373
626,5f6a0344b6d337b8829034ff,VK_554706846
627,5f6a0344b6d337b882903500,VK_437867207
628,5f6a0344b6d337b882903501,VK_534589747
629,5f6a0344b6d337b882903502,VK_437865761
630,5f6a0344b6d337b882903503,VK_474831512
631,5f6a0344b6d337b882903504,VK_439766087
632,5f6a0344b6d337b882903505,VK_536413756
633,5f6a0344b6d337b882903506,VK_332767417
634,5f6a0344b6d337b882903507,VK_398723812
635,5f6a0344b6d337b882903508,VK_554703467
636,5f6a0344b6d337b882903509,VK_215665898
637,5f6a0344b6d337b88290350a,VK_544339875
638,5f6a0344b6d337b88290350b,VK_97653846
639,5f6a0344b6d337b88290350c,VK_554693308
640,5f6a0344b6d337b88290350d,VK_534595914
641,5f6a0344b6d337b88290350e,VK_534593336
642,5f6a0344b6d337b88290350f,VK_258426244
643,5f6a0344b6d337b882903510,VK_438888780
644,5f6a0344b6d337b882903511,VK_439765823
645,5f6a0344b6d337b882903512,VK_437866085
646,5f6a0344b6d337b882903513,VK_554144432
647,5f6a0344b6d337b882903514,VK_531780568
648,5f6a0344b6d337b882903515,VK_554699408
649,5f6a0344b6d337b882903516,VK_421073591
650,5f6a0344b6d337b882903517,VK_438879093
651,5f6a0344b6d337b882903518,VK_430997428
652,5f6a0344b6d337b882903519,VK_455622734
653,5f6a0344b6d337b88290351a,VK_260408109
654,5f6a0344b6d337b88290351b,VK_534595029
655,5f6a0344b6d337b88290351c,VK_525476243
656,5f6a35ceb6d337b8829fdc76,VK_60311452
